Metric,Value
RMSE,0.7455813830127764
R2 Score,0.5757877060324508
