Actual,Predicted
0.477,0.7191228416019086
0.458,1.764016570662406
5.00001,2.7096588334317318
2.186,2.838925930183919
2.78,2.604657251810309
